"0","source_url('https://raw.githubusercontent.com/sabrinazaf/36-350/master/dark_and_stormy.R')"
"2","SHA-1 hash of file is 459fe818508466f38e888edd3fd4a007d4700121
"
"1","[1]"
"1"," ""It was a dark and stormy night; the rain fell in torrents."""
"1","
"
"0","source_url(""https://raw.githubusercontent.com/sabrinazaf/36-350/new_branch/dark_and_stormy.R"")"
"2","SHA-1 hash of file is 459fe818508466f38e888edd3fd4a007d4700121
"
"1","[1]"
"1"," ""It was a dark and stormy night; the rain fell in torrents."""
"1","
"
